Company,Nationality
3J CONSTRUCTION PTE LTD,INDIAN
3J CONSTRUCTION PTE LTD,INDIAN
3J CONSTRUCTION PTE LTD,INDIAN
3J CONSTRUCTION PTE LTD,BANGLADESHI
3J CONSTRUCTION PTE LTD,BANGLADESHI
3J CONSTRUCTION PTE LTD,BANGLADESHI
3J CONSTRUCTION PTE LTD,INDIAN
3J CONSTRUCTION PTE LTD,BANGLADESHI
3J CONSTRUCTION PTE LTD,INDIAN
3J CONSTRUCTION PTE LTD,BANGLADESHI
3J CONSTRUCTION PTE LTD,BANGLADESHI
3J CONSTRUCTION PTE LTD,INDIAN
3J CONSTRUCTION PTE LTD,INDIAN
3J CONSTRUCTION PTE LTD,INDIAN
3J CONSTRUCTION PTE LTD,INDIAN
3J CONSTRUCTION PTE LTD,BANGLADESHI
3J CONSTRUCTION PTE LTD,INDIAN
3J CONSTRUCTION PTE LTD,INDIAN
3J CONSTRUCTION PTE LTD,INDIAN
3J CONSTRUCTION PTE LTD,INDIAN
3J CONSTRUCTION PTE LTD,INDIAN
3J CONSTRUCTION PTE LTD,INDIAN
3J CONSTRUCTION PTE LTD,INDIAN
3J CONSTRUCTION PTE LTD,INDIAN
3J CONSTRUCTION PTE LTD,INDIAN
3J CONSTRUCTION PTE LTD,INDIAN
3J CONSTRUCTION PTE LTD,INDIAN
3J CONSTRUCTION PTE LTD,BANGLADESHI
3J CONSTRUCTION PTE LTD,INDIAN
3J CONSTRUCTION PTE LTD,INDIAN
3J CONSTRUCTION PTE LTD,INDIAN
3J CONSTRUCTION PTE LTD,INDIAN
3J CONSTRUCTION PTE LTD,INDIAN
3J CONSTRUCTION PTE LTD,INDIAN
3J CONSTRUCTION PTE LTD,INDIAN
3J CONSTRUCTION PTE LTD,BANGLADESHI
3J CONSTRUCTION PTE LTD,INDIAN
3J CONSTRUCTION PTE LTD,INDIAN
3J CONSTRUCTION PTE LTD,BANGLADESHI
3J CONSTRUCTION PTE LTD,INDIAN
3J CONSTRUCTION PTE LTD,INDIAN
3J CONSTRUCTION PTE LTD,INDIAN
3J CONSTRUCTION PTE LTD,INDIAN
3J CONSTRUCTION PTE LTD,BANGLADESHI
3J CONSTRUCTION PTE LTD,INDIAN
3J CONSTRUCTION PTE LTD,INDIAN
3J CONSTRUCTION PTE LTD,INDIAN
3J CONSTRUCTION PTE LTD,INDIAN
3J CONSTRUCTION PTE LTD,INDIAN
3SI PTE LTD,INDIAN
3SI PTE LTD,INDIAN
3SI PTE LTD,BANGLADESHI
3SI PTE LTD,INDIAN
3SI PTE LTD,INDIAN
3SI PTE LTD,INDIAN
3TEL INTERNATIONAL PTE LTD,INDIAN
3TEL INTERNATIONAL PTE LTD,INDIAN
3TEL INTERNATIONAL PTE LTD,BANGLADESHI
3TEL INTERNATIONAL PTE LTD,BANGLADESHI
3TEL INTERNATIONAL PTE LTD,INDIAN
3TEL INTERNATIONAL PTE LTD,INDIAN
3TEL INTERNATIONAL PTE LTD,INDIAN
3TEL INTERNATIONAL PTE LTD,INDIAN
3TEL INTERNATIONAL PTE LTD,INDIAN
3TEL INTERNATIONAL PTE LTD,BANGLADESHI
